{
    "0": {
        "precision": [
            0.7924335378323109,
            0.7732933579335793,
            0.7484679286395206,
            0.7008200335067455,
            0.6770181476846058
        ],
        "recall": [
            0.0664437585733882,
            0.28746570644718794,
            0.4711934156378601,
            0.6814128943758574,
            0.7420267489711934
        ],
        "wasserstein": 1.223590329236101
    },
    "1": {
        "precision": [
            0.8133874239350912,
            0.7928013260715131,
            0.7631725676052411,
            0.7106161307706126,
            0.6828838921341122
        ],
        "recall": [
            0.06920355509534903,
            0.2888946414703598,
            0.4724307533005436,
            0.6827163689705755,
            0.7363879540943998
        ],
        "wasserstein": 0.6516186205664545
    },
    "2": {
        "precision": [
            0.7812817904374364,
            0.765828677839851,
            0.7363896848137536,
            0.6862607474995613,
            0.665365396627108
        ],
        "recall": [
            0.06629261976694001,
            0.283987915407855,
            0.46586102719033234,
            0.6751834268450583,
            0.7356063875701337
        ],
        "wasserstein": 1.040319402248692
    },
    "3": {
        "precision": [
            0.8335046248715313,
            0.8217401556236736,
            0.8047825478953993,
            0.7633430259825532,
            0.7439802603590573
        ],
        "recall": [
            0.07008295886622883,
            0.3011579675077774,
            0.4973211199446941,
            0.7032492222606291,
            0.7556170065675769
        ],
        "wasserstein": 0.7660432084508388
    },
    "mean_0": {
        "precision": [
            0.0,
            0.0,
            0.1,
            0.1,
            0.08
        ],
        "recall": [
            0.0,
            0.0,
            8.573388203017832e-05,
            0.00017146776406035664,
            0.00017146776406035664
        ],
        "wasserstein": 5.963923728136936
    },
    "random_0": {
        "precision": [
            0.3825910931174089,
            0.37942404924159157,
            0.3708148325933037,
            0.3566133167047738,
            0.35141229527652507
        ],
        "recall": [
            0.032407407407407406,
            0.1479766803840878,
            0.264917695473251,
            0.44127229080932784,
            0.5077160493827161
        ],
        "wasserstein": 11.703058299270243
    },
    "mean_1": {
        "precision": [
            1.0,
            0.8,
            0.9,
            0.95,
            0.96
        ],
        "recall": [
            8.628872206402623e-05,
            0.0003451548882561049,
            0.000776598498576236,
            0.0016394857192164984,
            0.0020709293295366298
        ],
        "wasserstein": 2.645765913108257
    },
    "random_1": {
        "precision": [
            0.45875251509054327,
            0.4418655097613883,
            0.4253269916765755,
            0.40011010942123737,
            0.3883540737262268
        ],
        "recall": [
            0.03934765726119596,
            0.17577012684442142,
            0.30865475882302185,
            0.5016826300802485,
            0.5708861851755975
        ],
        "wasserstein": 11.032205182788491
    },
    "mean_2": {
        "precision": [
            1.0,
            1.0,
            0.9,
            0.95,
            0.96
        ],
        "recall": [
            8.631851532153647e-05,
            0.00043159257660768235,
            0.0007768666378938282,
            0.001640051791109193,
            0.0020716443677168753
        ],
        "wasserstein": 8.93848158025666
    },
    "random_2": {
        "precision": [
            0.11947791164658635,
            0.13880467734950194,
            0.14858018145398846,
            0.1672202263946316,
            0.17491596151617017
        ],
        "recall": [
            0.01027190332326284,
            0.05533016832110488,
            0.10884764782045749,
            0.21294777729823047,
            0.2605092792403971
        ],
        "wasserstein": 15.528985911500108
    },
    "mean_3": {
        "precision": [
            1.0,
            1.0,
            1.0,
            1.0,
            1.0
        ],
        "recall": [
            8.641548565502938e-05,
            0.0004320774282751469,
            0.0008641548565502938,
            0.0017283097131005876,
            0.0021603871413757346
        ],
        "wasserstein": 4.295141546813474
    },
    "random_3": {
        "precision": [
            0.1941941941941942,
            0.21419299004759845,
            0.22441128468174398,
            0.2468375837110194,
            0.251518482096373
        ],
        "recall": [
            0.0167646042170757,
            0.08555133079847908,
            0.16634980988593157,
            0.3153301071552022,
            0.37573453162806775
        ],
        "wasserstein": 11.401511930110242
    }
}